<?xml version="1.0" encoding="UTF-8"?>
<project-private xmlns="http://www.netbeans.org/ns/project-private/1">
    <editor-bookmarks xmlns="http://www.netbeans.org/ns/editor-bookmarks/2" lastBookmarkId="0"/>
    <open-files xmlns="http://www.netbeans.org/ns/projectui-open-files/2">
        <group>
            <file>file:/C:/Users/Luis/Documents/NetBeansProjects/CopaMundial/src/Vista/vista.java</file>
            <file>file:/C:/Users/Luis/Documents/NetBeansProjects/CopaMundial/src/Modelo/ConsultasSeleccion.java</file>
            <file>file:/C:/Users/Luis/Documents/NetBeansProjects/CopaMundial/src/PreparedStatement.java</file>
            <file>file:/C:/Users/Luis/Documents/NetBeansProjects/CopaMundial/src/Modelo/Seleccion.java</file>
            <file>file:/C:/Users/Luis/Documents/NetBeansProjects/CopaMundial/src/Controlador/Control.java</file>
            <file>file:/C:/Users/Luis/Documents/NetBeansProjects/CopaMundial/src/copamundial/copaMundial.java</file>
            <file>file:/C:/Users/Luis/Documents/NetBeansProjects/CopaMundial/src/Controlador/CtrlSeleccion.java</file>
        </group>
    </open-files>
</project-private>
